CV_score,n_basis,fold_size,n_folds,success_count
0.7343246276416245,4,5,12,1000
2.3574463371345793,5,5,12,1000
0.5530475796315842,6,5,12,1000
1.0316459638355981,7,5,12,1000
0.0760021315591972,8,5,12,1000
0.18800508461004273,9,5,12,1000
0.05668587873707418,10,5,12,1000
0.09794960055838421,11,5,12,1000
0.055233759023717424,12,5,12,1000
0.06088530955995262,13,5,12,1000
0.071971501633107,14,5,12,1000
0.051591733133641994,15,5,12,1000
