CV_score,n_basis,fold_size,n_folds,success_count
0.05724,16,5,12,1000
0.06545,17,5,12,1000
0.05399,18,5,12,1000
0.06774,19,5,12,1000
0.05542,20,5,12,1000
0.0595,21,5,12,1000
0.05519,22,5,12,1000
0.05318,23,5,12,1000
0.05725,24,5,12,1000
0.0508,25,5,12,1000
