CV_score,n_basis,fold_size,n_folds,success_count
2.13255,16,5,12,1000
2.1278,17,5,12,1000
2.00428,18,5,12,1000
2.05871,19,5,12,1000
1.96472,20,5,12,1000
1.95345,21,5,12,1000
1.99118,22,5,12,1000
1.90692,23,5,12,1000
1.97124,24,5,12,1000
1.95758,25,5,12,1000
