CV_score,n_basis,fold_size,n_folds,success_count
0.7344355025198187,4,5,12,1000
0.25440342234334107,5,5,12,1000
0.0862087009577625,6,5,12,1000
0.11177492321315574,7,5,12,1000
0.0501166662533909,8,5,12,1000
0.07465154752431385,9,5,12,1000
0.045738456206257994,10,5,12,1000
0.05628522803350228,11,5,12,1000
0.052911947625226934,12,5,12,1000
0.06082547671929984,13,5,12,1000
0.06925589120289269,14,5,12,1000
0.09057665167138554,15,5,12,1000
