CV_score,n_basis,fold_size,n_folds,success_count
0,1,5,12,0
0,3,5,12,0
0.19585,5,5,12,1000
0.0435,7,5,12,1000
0.05256,9,5,12,1000
0.05276,11,5,12,1000
0.05154,13,5,12,1000
0.06486,15,5,12,1000
0.05143,17,5,12,1000
0.05255,19,5,12,1000
