f1_e1,f1_e2,f2_e1,f2_e2,n_basis,success_count
0,0,0,0,1,0
7.177234352026647,131.92716520680838,0.8936725847175324,2.5839516380614462,2,5000
4.170391190343292,129.64258934345224,0.8122408608804015,2.511772278865247,3,5000
3.912749103345826,130.1170783435205,0.3807927171910713,2.090474762002978,4,5000
3.638501968909747,130.59817144950233,0.09216751463887264,1.8134256416939782,5,5000
6.016442343989896,201.15534584991525,0.7620805051836907,3.3937342332820926,6,5000
