"","f1_e1","f1_e2","f2_e1","f2_e2","n_basis","success_count"
"1",0,0,0,0,1,0
"2",3.69752,129.19134,0.69524,2.3944,3,5000
"3",5.06895,130.54881,0.1376,1.83947,5,5000
"4",5.21758,130.69839,0.13994,1.84156,7,5000
"5",5.22636,130.70697,0.12715,1.82896,9,5000
"6",5.27531,130.74943,0.14282,1.84453,11,5000
"7",5.29036,130.76091,0.13007,1.83175,13,5000
"8",5.16722,130.64051,0.10365,1.80524,15,5000
"9",4.98841,130.46747,0.11563,1.81733,17,5000
"10",4.92246,130.40322,0.14766,1.84937,19,5000
